{
  "project_info": {
    "project_number": "305500499431",
    "project_id": "fir-app2-20f4b",
    "storage_bucket": "fir-app2-20f4b.appspot.com"
  },
  "client": [
    {
      "client_info": {
        "mobilesdk_app_id": "1:305500499431:android:4d1ab3bbcf1d25d0d06142",
        "android_client_info": {
          "package_name": "com.example.firebaseapp"
        }
      },
      "oauth_client": [
        {
          "client_id": "305500499431-1hdrmbrm4u0iajot97kfnolikp1kmaad.apps.googleusercontent.com",
          "client_type": 3
        }
      ],
      "api_key": [
        {
          "current_key": "AIzaSyANDTndKGzfM32y78QnzKIXfYewu11IBdQ"
        }
      ],
      "services": {
        "appinvite_service": {
          "other_platform_oauth_client": [
            {
              "client_id": "305500499431-1hdrmbrm4u0iajot97kfnolikp1kmaad.apps.googleusercontent.com",
              "client_type": 3
            }
          ]
        }
      }
    }
  ],
  "configuration_version": "1"
}